ckpt,held_out,M,n_clips,cpd,cfv
ckpt_casg_ast_AKGC417L_seed0_casg_lite.pt,AKGC417L,16,1200,0.0071275210939347,0.0103829810395836
ckpt_casg_ast_AKGC417L_seed0_cf_physics.pt,AKGC417L,16,1200,0.0165071003139019,0.0230419002473354
ckpt_casg_ast_AKGC417L_seed1_casg_lite.pt,AKGC417L,16,1200,0.0071302517317235,0.0111374882981181
ckpt_casg_ast_AKGC417L_seed1_cf_physics.pt,AKGC417L,16,1200,0.0110705029219388,0.0165402572602033
ckpt_casg_ast_AKGC417L_seed2_casg_lite.pt,AKGC417L,16,1200,0.004191905260086,0.0062970779836177
ckpt_casg_ast_AKGC417L_seed2_cf_physics.pt,AKGC417L,16,1200,0.0041910009458661,0.00629563909024
ckpt_erm_ast_AKGC417L_seed0_phys.pt,AKGC417L,16,1200,0.0151143930852413,0.020117200911045
ckpt_erm_ast_AKGC417L_seed1_phys.pt,AKGC417L,16,1200,0.0113898981362581,0.0151451742276549
ckpt_erm_ast_AKGC417L_seed2_phys.pt,AKGC417L,16,1200,0.0191106386482715,0.0238411594182252
ckpt_mixstyle_ast_AKGC417L_seed0_phys.pt,AKGC417L,16,1200,0.0235890392214059,0.0274735260754823
ckpt_mixstyle_ast_AKGC417L_seed1_phys.pt,AKGC417L,16,1200,0.0100261652842164,0.0133500434458255
ckpt_mixstyle_ast_AKGC417L_seed2_phys.pt,AKGC417L,16,1200,0.014184090308845,0.0169036891311407
ckpt_casg_ast_Meditron_seed0_casg_lite.pt,Meditron,16,1200,0.0108706457540392,0.0150507511571049
ckpt_casg_ast_Meditron_seed0_cf_physics.pt,Meditron,16,1200,0.0068558794446289,0.009497663937509
ckpt_casg_ast_Meditron_seed1_casg_lite.pt,Meditron,16,1200,0.005775025114417,0.0084901843219995
ckpt_casg_ast_Meditron_seed1_cf_physics.pt,Meditron,16,1200,0.0096408417448401,0.0130662946030497
ckpt_casg_ast_Meditron_seed2_casg_lite.pt,Meditron,16,1200,0.0084586404263973,0.0122022023424506
ckpt_casg_ast_Meditron_seed2_cf_physics.pt,Meditron,16,1200,0.0110662309452891,0.0159963890910148
ckpt_erm_ast_Meditron_seed0_phys.pt,Meditron,16,1200,0.0151717523112893,0.0199486408382654
ckpt_erm_ast_Meditron_seed1_phys.pt,Meditron,16,1200,0.0261685028672218,0.030457766726613
ckpt_erm_ast_Meditron_seed2_phys.pt,Meditron,16,1200,0.0291050747036933,0.0325048416852951
ckpt_mixstyle_ast_Meditron_seed0_phys.pt,Meditron,16,1200,0.0207758527249097,0.02567970007658
ckpt_mixstyle_ast_Meditron_seed1_phys.pt,Meditron,16,1200,0.0165830142796039,0.0192180089652538
ckpt_mixstyle_ast_Meditron_seed2_phys.pt,Meditron,16,1200,0.0133203845471143,0.0166498497128486
ckpt_casg_ast_LittC2SE_seed0_casg_lite.pt,LittC2SE,16,575,0.0099302884191274,0.0147715080529451
ckpt_casg_ast_LittC2SE_seed0_cf_physics.pt,LittC2SE,16,575,0.0053303209133446,0.0082808183506131
ckpt_casg_ast_LittC2SE_seed1_casg_lite.pt,LittC2SE,16,575,0.0070235333405435,0.0095367282629013
ckpt_casg_ast_LittC2SE_seed1_cf_physics.pt,LittC2SE,16,575,0.0065603395923972,0.0091140633448958
ckpt_casg_ast_LittC2SE_seed2_casg_lite.pt,LittC2SE,16,575,0.0049820924177765,0.0070344610139727
ckpt_casg_ast_LittC2SE_seed2_cf_physics.pt,LittC2SE,16,575,0.0067075551487505,0.0093355029821395
ckpt_erm_ast_LittC2SE_seed0_phys.pt,LittC2SE,16,575,0.0167676303535699,0.0203828569501638
ckpt_erm_ast_LittC2SE_seed1_phys.pt,LittC2SE,16,575,0.0192415472120046,0.020712511613965
ckpt_erm_ast_LittC2SE_seed2_phys.pt,LittC2SE,16,575,0.0190274752676486,0.0211543049663305
ckpt_mixstyle_ast_LittC2SE_seed0_phys.pt,LittC2SE,16,575,0.0131762335076928,0.0165691953152418
ckpt_mixstyle_ast_LittC2SE_seed1_phys.pt,LittC2SE,16,575,0.0126623809337615,0.0153964236378669
ckpt_mixstyle_ast_LittC2SE_seed2_phys.pt,LittC2SE,16,575,0.0238113030791282,0.0295482743531465
ckpt_casg_ast_Litt3200_seed0_casg_lite.pt,Litt3200,16,496,0.0061385775916278,0.0083688618615269
ckpt_casg_ast_Litt3200_seed0_cf_physics.pt,Litt3200,16,496,0.0085147125646471,0.0112912273034453
ckpt_casg_ast_Litt3200_seed1_casg_lite.pt,Litt3200,16,496,0.0088361827656626,0.0102397939190268
ckpt_casg_ast_Litt3200_seed1_cf_physics.pt,Litt3200,16,496,0.007439193315804,0.0086001232266426
ckpt_casg_ast_Litt3200_seed2_casg_lite.pt,Litt3200,16,496,0.0121854590252041,0.0161133594810962
ckpt_casg_ast_Litt3200_seed2_cf_physics.pt,Litt3200,16,496,0.0148413376882672,0.0222758837044239
ckpt_erm_ast_Litt3200_seed0_phys.pt,Litt3200,16,496,0.0290226899087429,0.0352018289268016
ckpt_erm_ast_Litt3200_seed1_phys.pt,Litt3200,16,496,0.0280049685388803,0.0308966692537069
ckpt_erm_ast_Litt3200_seed2_phys.pt,Litt3200,16,496,0.0191778596490621,0.0191856436431407
ckpt_mixstyle_ast_Litt3200_seed0_phys.pt,Litt3200,16,496,0.0322731994092464,0.0388444475829601
ckpt_mixstyle_ast_Litt3200_seed1_phys.pt,Litt3200,16,496,0.0354790464043617,0.036333542317152
ckpt_mixstyle_ast_Litt3200_seed2_phys.pt,Litt3200,16,496,0.0313503891229629,0.0316935218870639
ckpt_casg_ast_smartphone_seed0_casg_lite.pt,smartphone,16,1200,0.0028084346558898,0.0040200254879891
ckpt_casg_ast_smartphone_seed0_cf_physics.pt,smartphone,16,1200,0.0014566740719601,0.0020038140937685
ckpt_casg_ast_smartphone_seed1_casg_lite.pt,smartphone,16,1200,0.0041890786960721,0.0060821697115898
ckpt_casg_ast_smartphone_seed1_cf_physics.pt,smartphone,16,1200,0.0026346873492002,0.0038724474143236
ckpt_casg_ast_smartphone_seed2_casg_lite.pt,smartphone,16,1200,0.0023004636168479,0.0033137360587716
ckpt_casg_ast_smartphone_seed2_cf_physics.pt,smartphone,16,1200,0.0024149904493242,0.0036297822371125
ckpt_erm_ast_smartphone_seed0_phys.pt,smartphone,16,1200,0.0164678059518337,0.0186294801533222
ckpt_erm_ast_smartphone_seed1_phys.pt,smartphone,16,1200,0.0140528474003076,0.0156732983887195
ckpt_erm_ast_smartphone_seed2_phys.pt,smartphone,16,1200,0.0126390643417835,0.0144675830379128
ckpt_mixstyle_ast_smartphone_seed0_phys.pt,smartphone,16,1200,0.0111771374940872,0.0130506763234734
ckpt_mixstyle_ast_smartphone_seed1_phys.pt,smartphone,16,1200,0.0079556023702025,0.0088826101273298
ckpt_mixstyle_ast_smartphone_seed2_phys.pt,smartphone,16,1200,0.0103908833116292,0.0120409717783331
ckpt_casg_ast_none_seed0_casg_lite.pt,none,16,1200,0.009027948603034,0.0141241149976849
ckpt_casg_ast_none_seed0_cf_physics.pt,none,16,1200,0.0087921302765607,0.0131798973307013
ckpt_casg_ast_none_seed1_casg_lite.pt,none,16,1200,0.0111854635179042,0.0166806355118751
ckpt_casg_ast_none_seed1_cf_physics.pt,none,16,1200,0.0126138627529144,0.0192296393215656
ckpt_casg_ast_none_seed2_casg_lite.pt,none,16,1200,0.0091323833912611,0.0111757852137088
ckpt_casg_ast_none_seed2_cf_physics.pt,none,16,1200,0.0077897165901958,0.0111361714079976
ckpt_erm_ast_none_seed0_phys.pt,none,16,1200,0.0228628944605588,0.0291844010353088
ckpt_erm_ast_none_seed1_phys.pt,none,16,1200,0.027036927640438,0.029893159866333
ckpt_erm_ast_none_seed2_phys.pt,none,16,1200,0.0275173988193273,0.0349032990634441
ckpt_mixstyle_ast_none_seed0_phys.pt,none,16,1200,0.024378327652812,0.0293564703315496
ckpt_mixstyle_ast_none_seed1_phys.pt,none,16,1200,0.0316316187381744,0.0398430079221725
ckpt_mixstyle_ast_none_seed2_phys.pt,none,16,1200,0.0264364499598741,0.0328354910016059
